date,open,high,low,close,volume,amount,stock_code,stock_name,market
2023-01-03,306.93,318.13,301.99,317.56,31541581,10134792220.0,HK.00700,腾讯控股,HK
2023-01-04,322.12,332.57,321.17,332.57,39409110,13322863971.0,HK.00700,腾讯控股,HK
2023-01-05,347.7,351.9,333.3,337.5,40803927,14350263612.0,HK.00700,腾讯控股,HK
2023-01-06,343.3,349.1,336.5,339.1,27092487,9537398638.0,HK.00700,腾讯控股,HK
2023-01-09,344.7,352.1,341.3,351.7,28323733,10162059272.0,HK.00700,腾讯控股,HK
2023-01-10,354.7,355.5,346.7,352.1,19854116,7160873145.0,HK.00700,腾讯控股,HK
2023-01-11,359.5,368.5,356.3,363.5,35722217,13341772544.0,HK.00700,腾讯控股,HK
2023-01-12,368.7,369.3,346.1,353.7,40547528,14789004984.0,HK.00700,腾讯控股,HK
2023-01-13,354.3,362.1,345.9,361.1,20970696,7669191824.0,HK.00700,腾讯控股,HK
2023-01-16,361.9,366.1,353.7,359.9,19986153,7414939067.0,HK.00700,腾讯控股,HK
2023-01-17,360.3,365.3,355.7,363.5,16103837,5963511569.0,HK.00700,腾讯控股,HK
2023-01-18,369.7,370.7,360.7,369.7,27122730,10250085861.0,HK.00700,腾讯控股,HK
2023-01-19,366.7,374.7,364.3,372.5,17351698,6617317560.0,HK.00700,腾讯控股,HK
2023-01-20,379.7,381.9,374.7,381.5,16863710,6573674938.0,HK.00700,腾讯控股,HK
2023-01-26,389.7,396.5,388.1,396.5,23729091,9555141834.0,HK.00700,腾讯控股,HK
2023-01-27,399.9,406.3,398.7,404.7,18625209,7685459557.0,HK.00700,腾讯控股,HK
2023-01-30,397.3,400.7,373.7,376.9,53626689,21117886294.0,HK.00700,腾讯控股,HK
2023-01-31,379.7,386.7,363.5,371.9,55756238,21309340456.0,HK.00700,腾讯控股,HK
2023-02-01,375.3,376.7,363.3,374.7,31418879,11975418789.0,HK.00700,腾讯控股,HK
2023-02-02,378.7,381.7,370.9,372.7,23755405,9212435672.0,HK.00700,腾讯控股,HK
2023-02-03,371.3,376.3,365.1,374.7,25941959,9885038548.0,HK.00700,腾讯控股,HK
2023-02-06,364.9,369.7,358.3,366.5,25591052,9592556756.0,HK.00700,腾讯控股,HK
2023-02-07,370.7,375.7,367.1,369.7,19801656,7560574438.0,HK.00700,腾讯控股,HK
2023-02-08,373.5,376.5,367.5,371.9,17269537,6601541109.0,HK.00700,腾讯控股,HK
2023-02-09,370.9,386.7,369.7,385.3,26660695,10411377591.0,HK.00700,腾讯控股,HK
2023-02-10,384.7,386.9,372.3,373.1,24606130,9553892006.0,HK.00700,腾讯控股,HK
2023-02-13,368.9,378.3,366.3,376.3,20355691,7782878399.0,HK.00700,腾讯控股,HK
2023-02-14,376.7,377.3,367.7,368.3,17932457,6831837559.0,HK.00700,腾讯控股,HK
2023-02-15,371.9,371.9,362.1,366.7,16498472,6203887780.0,HK.00700,腾讯控股,HK
2023-02-16,370.5,382.5,368.7,372.3,21914350,8467285346.0,HK.00700,腾讯控股,HK
2023-02-17,374.9,377.1,362.7,363.5,17721575,6704215655.0,HK.00700,腾讯控股,HK
2023-02-20,361.3,368.5,358.9,366.7,12312675,4611823354.0,HK.00700,腾讯控股,HK
2023-02-21,364.9,365.1,347.9,351.5,29313236,10690717967.0,HK.00700,腾讯控股,HK
2023-02-22,345.3,352.7,337.3,345.7,33151555,11783068387.0,HK.00700,腾讯控股,HK
2023-02-23,340.5,353.1,338.1,345.7,19433112,6926891168.0,HK.00700,腾讯控股,HK
2023-02-24,340.7,344.9,337.1,339.1,24415893,8549028187.0,HK.00700,腾讯控股,HK
2023-02-27,334.7,344.1,332.5,339.1,20480043,7154268934.0,HK.00700,腾讯控股,HK
2023-02-28,341.9,347.3,333.3,333.3,26006206,9075437622.0,HK.00700,腾讯控股,HK
2023-03-01,337.1,360.5,335.7,358.5,35607254,12867704100.0,HK.00700,腾讯控股,HK
2023-03-02,357.9,358.7,352.1,352.5,14796574,5402223022.0,HK.00700,腾讯控股,HK
2023-03-03,361.9,364.5,354.1,357.3,17784504,6570474541.0,HK.00700,腾讯控股,HK
2023-03-06,353.7,358.3,350.3,352.7,12628083,4598925385.0,HK.00700,腾讯控股,HK
2023-03-07,352.5,358.5,344.7,346.7,17037998,6137583971.0,HK.00700,腾讯控股,HK
2023-03-08,339.7,341.3,334.7,339.3,21208344,7385431276.0,HK.00700,腾讯控股,HK
2023-03-09,337.7,338.9,329.9,329.9,17274863,5954164935.0,HK.00700,腾讯控股,HK
2023-03-10,322.7,327.9,320.3,321.3,37596411,12533775053.0,HK.00700,腾讯控股,HK
2023-03-13,330.1,341.3,327.1,334.5,27127633,9329027129.0,HK.00700,腾讯控股,HK
2023-03-14,331.1,342.3,328.7,331.3,21324692,7365989508.0,HK.00700,腾讯控股,HK
2023-03-15,340.1,343.5,333.9,334.3,16570551,5773864536.0,HK.00700,腾讯控股,HK
2023-03-16,330.1,334.7,323.5,325.7,23728825,8035602057.0,HK.00700,腾讯控股,HK
2023-03-17,330.5,336.3,329.1,329.1,29033159,9926040093.0,HK.00700,腾讯控股,HK
2023-03-20,326.7,329.1,320.7,324.5,20437066,6833299619.0,HK.00700,腾讯控股,HK
2023-03-21,324.5,336.7,320.1,333.3,21276362,7210706944.0,HK.00700,腾讯控股,HK
2023-03-22,336.7,343.3,335.9,336.9,19654793,6873877002.0,HK.00700,腾讯控股,HK
2023-03-23,343.3,365.5,342.1,365.3,46850205,17188995531.0,HK.00700,腾讯控股,HK
2023-03-24,369.7,377.1,364.5,366.5,33215505,12590328306.0,HK.00700,腾讯控股,HK
2023-03-27,364.3,367.7,352.3,352.5,25798653,9482608808.0,HK.00700,腾讯控股,HK
2023-03-28,356.5,370.7,356.5,367.9,31337657,11776617712.0,HK.00700,腾讯控股,HK
2023-03-29,386.7,387.3,371.7,374.5,36095299,14010524765.0,HK.00700,腾讯控股,HK
2023-03-30,379.5,379.5,369.9,374.7,25243232,9710991382.0,HK.00700,腾讯控股,HK
2023-03-31,379.7,383.7,373.7,375.5,25957481,10092564504.0,HK.00700,腾讯控股,HK
2023-04-03,378.7,380.7,374.7,377.9,18773494,7283136350.0,HK.00700,腾讯控股,HK
2023-04-04,372.9,378.3,371.9,374.7,14254252,5484701478.0,HK.00700,腾讯控股,HK
2023-04-06,373.7,377.3,370.3,375.1,14945689,5735688750.0,HK.00700,腾讯控股,HK
2023-04-11,378.7,379.7,361.1,366.3,21931068,8304864538.0,HK.00700,腾讯控股,HK
2023-04-12,360.7,361.3,343.9,346.9,40470596,14607065137.0,HK.00700,腾讯控股,HK
2023-04-13,339.7,353.7,337.1,352.9,24956481,8897620125.0,HK.00700,腾讯控股,HK
2023-04-14,356.1,357.9,348.7,355.1,12744724,4633061402.0,HK.00700,腾讯控股,HK
2023-04-17,354.3,361.7,350.1,360.7,15710199,5769985870.0,HK.00700,腾讯控股,HK
2023-04-18,360.7,360.7,350.7,355.1,13686354,4986471516.0,HK.00700,腾讯控股,HK
2023-04-19,352.7,352.7,344.7,346.9,16279391,5827612230.0,HK.00700,腾讯控股,HK
2023-04-20,346.9,351.3,345.3,346.7,10530854,3765348573.0,HK.00700,腾讯控股,HK
2023-04-21,342.9,345.3,335.7,338.9,16523648,5780344446.0,HK.00700,腾讯控股,HK
2023-04-24,336.9,340.5,327.7,334.7,20470625,7023120389.0,HK.00700,腾讯控股,HK
2023-04-25,331.3,331.3,322.7,328.1,20949955,7056476865.0,HK.00700,腾讯控股,HK
2023-04-26,325.5,341.9,325.1,337.9,25018346,8637974033.0,HK.00700,腾讯控股,HK
2023-04-27,336.7,337.7,329.9,334.7,14757831,5078333682.0,HK.00700,腾讯控股,HK
2023-04-28,337.7,344.5,333.5,334.1,15394102,5356891792.0,HK.00700,腾讯控股,HK
2023-05-02,341.7,344.1,331.9,335.5,8648798,3003103170.0,HK.00700,腾讯控股,HK
2023-05-03,329.3,332.7,325.9,329.1,10551544,3573459370.0,HK.00700,腾讯控股,HK
2023-05-04,330.3,333.3,322.7,327.5,17579228,5936738264.0,HK.00700,腾讯控股,HK
2023-05-05,333.1,336.7,327.9,332.5,14814925,5079655993.0,HK.00700,腾讯控股,HK
2023-05-08,333.7,337.3,327.3,330.5,10715881,3652510235.0,HK.00700,腾讯控股,HK
2023-05-09,327.9,328.9,317.9,318.1,23541440,7831370563.0,HK.00700,腾讯控股,HK
2023-05-10,316.7,321.1,315.1,319.3,15572919,5117818935.0,HK.00700,腾讯控股,HK
2023-05-11,322.3,323.3,312.9,316.1,17571687,5746565382.0,HK.00700,腾讯控股,HK
2023-05-12,321.5,324.1,316.7,317.9,17991214,5943372305.0,HK.00700,腾讯控股,HK
2023-05-15,314.7,334.1,314.7,330.7,23740493,8025510416.0,HK.00700,腾讯控股,HK
2023-05-16,337.7,337.7,332.5,334.5,14121222,4865134531.0,HK.00700,腾讯控股,HK
2023-05-17,335.7,339.5,330.9,332.5,19562717,6766317221.0,HK.00700,腾讯控股,HK
2023-05-18,330.9,332.7,319.1,329.5,34412000,11559354011.0,HK.00700,腾讯控股,HK
2023-05-19,325.1,327.9,321.1,325.3,22685856,7538059155.0,HK.00700,腾讯控股,HK
2023-05-22,323.9,336.5,320.3,332.3,20042131,6765009287.0,HK.00700,腾讯控股,HK
2023-05-23,337.3,337.7,326.1,327.7,15019611,5098105798.0,HK.00700,腾讯控股,HK
2023-05-24,323.3,328.9,322.7,324.5,13547979,4515574915.0,HK.00700,腾讯控股,HK
2023-05-25,321.9,322.7,310.5,314.5,26028377,8426578871.0,HK.00700,腾讯控股,HK
2023-05-29,319.3,319.3,303.3,305.3,28838839,9139977298.0,HK.00700,腾讯控股,HK
2023-05-30,303.9,310.3,299.7,308.3,21736553,6812911047.0,HK.00700,腾讯控股,HK
2023-05-31,306.7,306.7,298.1,302.7,32131907,9981997875.0,HK.00700,腾讯控股,HK
2023-06-01,304.7,315.5,303.3,307.5,22951704,7292374057.0,HK.00700,腾讯控股,HK
2023-06-02,319.7,326.3,315.5,326.3,32055423,10589659557.0,HK.00700,腾讯控股,HK
2023-06-05,328.1,330.9,322.1,330.3,19890895,6676336755.0,HK.00700,腾讯控股,HK
2023-06-06,330.1,331.3,321.1,323.3,16700158,5572482384.0,HK.00700,腾讯控股,HK
2023-06-07,332.1,332.1,326.7,327.7,18254900,6159602765.0,HK.00700,腾讯控股,HK
2023-06-08,324.9,327.3,320.3,326.9,13133723,4361434994.0,HK.00700,腾讯控股,HK
2023-06-09,328.5,332.1,325.9,328.1,16184167,5451645038.0,HK.00700,腾讯控股,HK
2023-06-12,332.1,332.1,326.3,330.5,13488760,4557765581.0,HK.00700,腾讯控股,HK
2023-06-13,331.7,340.5,330.1,336.9,23119808,7957106270.0,HK.00700,腾讯控股,HK
2023-06-14,338.7,345.5,336.1,337.7,22081967,7691036374.0,HK.00700,腾讯控股,HK
2023-06-15,345.1,347.1,340.1,347.1,25008358,8813278392.0,HK.00700,腾讯控股,HK
2023-06-16,351.1,356.5,347.9,355.1,35853943,12946982000.0,HK.00700,腾讯控股,HK
2023-06-19,351.7,352.1,342.5,349.3,20273905,7189369317.0,HK.00700,腾讯控股,HK
2023-06-20,346.1,351.3,339.3,342.1,16283873,5713762131.0,HK.00700,腾讯控股,HK
2023-06-21,333.7,338.1,329.1,332.5,19304438,6568809205.0,HK.00700,腾讯控股,HK
2023-06-23,332.1,332.9,325.1,329.1,13898721,4679575009.0,HK.00700,腾讯控股,HK
2023-06-26,327.7,331.5,322.3,324.9,18157220,6064114639.0,HK.00700,腾讯控股,HK
2023-06-27,324.9,336.5,324.9,333.5,17490624,5959539790.0,HK.00700,腾讯控股,HK
2023-06-28,332.1,333.1,325.9,328.3,15887756,5353375868.0,HK.00700,腾讯控股,HK
2023-06-29,331.1,331.1,323.3,325.7,13517437,4513065378.0,HK.00700,腾讯控股,HK
2023-06-30,323.1,325.9,321.5,323.7,16197039,5367017503.0,HK.00700,腾讯控股,HK
2023-07-03,323.9,332.1,323.9,330.1,14198462,4784258458.0,HK.00700,腾讯控股,HK
2023-07-04,328.5,333.3,328.3,331.3,9439642,3197624156.0,HK.00700,腾讯控股,HK
2023-07-05,331.9,333.1,325.3,327.5,9861945,3314699528.0,HK.00700,腾讯控股,HK
2023-07-06,324.3,329.1,317.5,318.9,19781825,6504989785.0,HK.00700,腾讯控股,HK
2023-07-07,315.3,323.7,312.1,318.7,21595356,7015522376.0,HK.00700,腾讯控股,HK
2023-07-10,325.9,327.9,319.5,320.9,17287899,5712851267.0,HK.00700,腾讯控股,HK
2023-07-11,324.7,327.7,322.3,325.9,12361269,4120721943.0,HK.00700,腾讯控股,HK
2023-07-12,330.7,333.1,327.9,332.1,16847310,5716051811.0,HK.00700,腾讯控股,HK
2023-07-13,342.1,342.7,339.1,341.9,27315463,9530812910.0,HK.00700,腾讯控股,HK
2023-07-14,346.9,346.9,340.9,344.7,21213481,7461794508.0,HK.00700,腾讯控股,HK
2023-07-18,343.9,343.9,327.1,328.5,29147987,9911756962.0,HK.00700,腾讯控股,HK
2023-07-19,322.7,325.9,319.1,325.1,21913296,7240460689.0,HK.00700,腾讯控股,HK
2023-07-20,328.1,333.9,322.7,324.9,16564481,5556791373.0,HK.00700,腾讯控股,HK
2023-07-21,324.9,329.5,323.1,325.1,11843920,3952114060.0,HK.00700,腾讯控股,HK
2023-07-24,320.7,323.1,315.9,317.1,17451591,5702816771.0,HK.00700,腾讯控股,HK
2023-07-25,329.1,337.7,327.1,337.1,29203653,9931910111.0,HK.00700,腾讯控股,HK
2023-07-26,336.9,336.9,330.3,333.1,14941840,5092535339.0,HK.00700,腾讯控股,HK
2023-07-27,338.1,338.5,332.5,335.9,13651548,4698584231.0,HK.00700,腾讯控股,HK
2023-07-28,335.9,344.1,330.7,342.5,22244305,7739027960.0,HK.00700,腾讯控股,HK
2023-07-31,352.1,355.1,342.9,346.5,36796567,13119805014.0,HK.00700,腾讯控股,HK
2023-08-01,348.1,353.1,339.3,346.1,23436211,8303605274.0,HK.00700,腾讯控股,HK
2023-08-02,343.7,344.5,332.3,335.5,21038298,7251316786.0,HK.00700,腾讯控股,HK
2023-08-03,334.1,339.9,331.1,334.3,16661383,5745551264.0,HK.00700,腾讯控股,HK
2023-08-04,340.7,342.7,331.3,335.5,19099499,6574571115.0,HK.00700,腾讯控股,HK
2023-08-07,332.3,333.9,330.1,333.3,9480118,3221321551.0,HK.00700,腾讯控股,HK
2023-08-08,326.5,329.3,325.5,326.9,15381749,5149851528.0,HK.00700,腾讯控股,HK
2023-08-09,325.1,330.3,324.1,329.3,11917732,3989808437.0,HK.00700,腾讯控股,HK
2023-08-10,329.3,333.7,327.7,331.9,11185881,3786436144.0,HK.00700,腾讯控股,HK
2023-08-11,330.9,333.7,326.7,327.9,12303930,4141506048.0,HK.00700,腾讯控股,HK
2023-08-14,320.1,326.5,319.9,325.3,15754526,5226439815.0,HK.00700,腾讯控股,HK
2023-08-15,323.3,327.1,322.7,324.7,10787439,3587997385.0,HK.00700,腾讯控股,HK
2023-08-16,321.9,323.1,319.7,320.9,16484843,5424343870.0,HK.00700,腾讯控股,HK
2023-08-17,312.7,327.9,312.7,324.9,28817958,9486311330.0,HK.00700,腾讯控股,HK
2023-08-18,321.5,324.9,317.1,317.1,18108794,5944608803.0,HK.00700,腾讯控股,HK
2023-08-21,313.1,317.9,310.1,310.1,25696855,8249693136.0,HK.00700,腾讯控股,HK
2023-08-22,310.3,316.7,306.5,311.1,24679965,7873317693.0,HK.00700,腾讯控股,HK
2023-08-23,312.1,313.5,309.1,310.1,17244848,5498780349.0,HK.00700,腾讯控股,HK
2023-08-24,313.1,320.1,313.1,317.3,22340826,7249199294.0,HK.00700,腾讯控股,HK
2023-08-25,314.7,315.9,312.1,312.1,12542511,4032148392.0,HK.00700,腾讯控股,HK
2023-08-28,322.7,325.7,316.9,317.3,19402834,6356409937.0,HK.00700,腾讯控股,HK
2023-08-29,317.5,324.1,317.5,321.5,15382479,5067422706.0,HK.00700,腾讯控股,HK
2023-08-30,325.9,326.1,317.1,317.9,15190035,4992667676.0,HK.00700,腾讯控股,HK
2023-08-31,323.1,323.9,314.1,317.1,49737237,16198347014.0,HK.00700,腾讯控股,HK
2023-09-04,322.1,326.7,320.5,325.5,30748869,10160809676.0,HK.00700,腾讯控股,HK
2023-09-05,324.1,327.1,319.5,321.1,13250752,4370874310.0,HK.00700,腾讯控股,HK
2023-09-06,321.1,321.1,315.3,319.7,16488562,5381303850.0,HK.00700,腾讯控股,HK
2023-09-07,318.7,319.3,312.3,313.7,16724228,5391223905.0,HK.00700,腾讯控股,HK
2023-09-11,307.5,317.5,307.5,316.1,18808064,6040944631.0,HK.00700,腾讯控股,HK
2023-09-12,320.1,320.1,311.9,314.1,10399333,3355116160.0,HK.00700,腾讯控股,HK
2023-09-13,318.1,318.1,311.1,312.3,10662703,3421558267.0,HK.00700,腾讯控股,HK
2023-09-14,314.5,314.7,310.5,311.9,10153112,3249440578.0,HK.00700,腾讯控股,HK
2023-09-15,312.1,313.9,309.1,309.3,19218155,6120466277.0,HK.00700,腾讯控股,HK
2023-09-18,309.3,311.1,304.3,304.3,14736625,4644323052.0,HK.00700,腾讯控股,HK
2023-09-19,304.9,306.9,300.9,304.5,15579978,4858993927.0,HK.00700,腾讯控股,HK
2023-09-20,304.7,304.7,300.1,301.3,13663748,4232881515.0,HK.00700,腾讯控股,HK
2023-09-21,298.9,300.5,294.1,295.1,19116385,5800506675.0,HK.00700,腾讯控股,HK
2023-09-22,294.1,306.1,292.3,305.7,21236877,6532964150.0,HK.00700,腾讯控股,HK
2023-09-25,303.5,303.7,295.3,296.5,18307015,5598702553.0,HK.00700,腾讯控股,HK
2023-09-26,293.1,295.7,290.3,292.1,15924558,4792868840.0,HK.00700,腾讯控股,HK
2023-09-27,290.1,296.3,290.1,294.1,14203461,4279249839.0,HK.00700,腾讯控股,HK
2023-09-28,293.9,294.7,288.5,289.5,15604031,4656643911.0,HK.00700,腾讯控股,HK
2023-09-29,289.7,300.5,289.3,298.3,11252646,3427495227.0,HK.00700,腾讯控股,HK
2023-10-03,294.1,294.1,288.5,292.7,15122710,4529560053.0,HK.00700,腾讯控股,HK
2023-10-04,291.9,292.1,287.5,289.7,10942209,3255192428.0,HK.00700,腾讯控股,HK
2023-10-05,291.9,295.7,290.7,291.9,10801914,3248496149.0,HK.00700,腾讯控股,HK
2023-10-06,295.9,299.5,293.9,297.3,11076858,3377586513.0,HK.00700,腾讯控股,HK
2023-10-09,297.5,300.9,294.1,299.1,11396304,3494379463.0,HK.00700,腾讯控股,HK
2023-10-10,300.1,306.9,298.1,300.3,16445252,5092537962.0,HK.00700,腾讯控股,HK
2023-10-11,306.1,306.7,302.5,303.1,16424531,5127315924.0,HK.00700,腾讯控股,HK
2023-10-12,308.7,309.3,306.9,308.7,13451541,4253651016.0,HK.00700,腾讯控股,HK
2023-10-13,304.9,305.1,297.5,298.9,13367440,4126234792.0,HK.00700,腾讯控股,HK
2023-10-16,300.9,300.9,292.3,293.3,12452816,3763941347.0,HK.00700,腾讯控股,HK
2023-10-17,296.7,296.7,292.1,294.3,9202480,2778330474.0,HK.00700,腾讯控股,HK
2023-10-18,292.3,293.7,289.5,292.1,12001017,3597465826.0,HK.00700,腾讯控股,HK
2023-10-19,287.5,289.7,283.3,283.3,17216427,5071175711.0,HK.00700,腾讯控股,HK
2023-10-20,279.5,282.3,278.3,281.1,19212180,5532516610.0,HK.00700,腾讯控股,HK
2023-10-24,279.1,281.9,274.7,275.1,21619960,6162879368.0,HK.00700,腾讯控股,HK
2023-10-25,284.5,288.5,277.3,279.9,17506229,5096837025.0,HK.00700,腾讯控股,HK
2023-10-26,278.9,282.3,275.1,279.7,11446711,3278486902.0,HK.00700,腾讯控股,HK
2023-10-27,279.7,286.7,279.1,284.9,16455031,4795573277.0,HK.00700,腾讯控股,HK
2023-10-30,283.7,289.9,282.9,287.5,14357754,4228011953.0,HK.00700,腾讯控股,HK
2023-10-31,287.5,287.5,280.1,281.3,13727382,3984600481.0,HK.00700,腾讯控股,HK
2023-11-01,280.9,282.1,276.5,279.1,11006036,3157915344.0,HK.00700,腾讯控股,HK
2023-11-02,282.1,286.3,278.9,280.7,10477412,3037345195.0,HK.00700,腾讯控股,HK
2023-11-03,284.3,296.3,283.5,294.7,21575201,6455647414.0,HK.00700,腾讯控股,HK
2023-11-06,301.9,306.3,299.3,304.7,26863379,8358214297.0,HK.00700,腾讯控股,HK
2023-11-07,304.7,306.1,298.3,300.7,13397743,4143070769.0,HK.00700,腾讯控股,HK
2023-11-08,301.5,306.7,299.5,300.5,12879809,4001595292.0,HK.00700,腾讯控股,HK
2023-11-09,297.1,300.9,297.1,298.9,10272208,3148081937.0,HK.00700,腾讯控股,HK
2023-11-10,296.7,296.7,293.3,294.9,9871831,2987541086.0,HK.00700,腾讯控股,HK
2023-11-13,294.3,303.9,292.3,301.9,13586029,4154169988.0,HK.00700,腾讯控股,HK
2023-11-14,303.9,304.1,297.7,299.9,12477388,3842261223.0,HK.00700,腾讯控股,HK
2023-11-15,308.7,315.7,306.1,314.7,32454690,10350836032.0,HK.00700,腾讯控股,HK
2023-11-16,322.1,322.1,308.3,316.9,35296026,11408055349.0,HK.00700,腾讯控股,HK
2023-11-17,315.7,315.7,305.3,307.3,21970164,6964405195.0,HK.00700,腾讯控股,HK
2023-11-20,308.3,320.9,308.3,318.7,27782719,9006002433.0,HK.00700,腾讯控股,HK
2023-11-21,322.5,324.7,315.7,316.9,24188659,7943866990.0,HK.00700,腾讯控股,HK
2023-11-22,320.1,322.1,314.1,316.5,14169841,4616781447.0,HK.00700,腾讯控股,HK
2023-11-23,318.7,321.7,315.7,321.3,14531153,4757635404.0,HK.00700,腾讯控股,HK
2023-11-24,321.7,321.7,312.1,313.3,15236522,4930730514.0,HK.00700,腾讯控股,HK
2023-11-27,317.1,317.1,310.1,314.9,12232068,3932052873.0,HK.00700,腾讯控股,HK
2023-11-28,316.5,316.5,309.1,311.7,15153725,4845979129.0,HK.00700,腾讯控股,HK
2023-11-29,315.1,316.1,305.7,309.1,16856744,5350805912.0,HK.00700,腾讯控股,HK
2023-11-30,309.5,319.1,309.1,319.1,30308092,9825334888.0,HK.00700,腾讯控股,HK
2023-12-01,316.9,317.9,311.1,311.1,15149684,4879489488.0,HK.00700,腾讯控股,HK
2023-12-04,315.1,316.3,307.3,308.9,14907238,4757921362.0,HK.00700,腾讯控股,HK
2023-12-05,313.1,313.1,297.1,300.9,23730039,7365272819.0,HK.00700,腾讯控股,HK
2023-12-06,298.7,306.9,294.5,303.7,15896242,4923099459.0,HK.00700,腾讯控股,HK
2023-12-07,301.1,303.3,296.1,299.9,13703651,4202919809.0,HK.00700,腾讯控股,HK
2023-12-08,299.5,301.3,293.1,297.7,16600566,5058680831.0,HK.00700,腾讯控股,HK
2023-12-11,292.9,300.7,290.5,299.3,18402157,5572601512.0,HK.00700,腾讯控股,HK
2023-12-12,299.1,303.9,298.3,303.5,12995914,4023372817.0,HK.00700,腾讯控股,HK
2023-12-13,301.7,302.9,296.5,299.1,14145125,4349541594.0,HK.00700,腾讯控股,HK
2023-12-14,302.1,306.1,296.7,298.5,17198776,5291009888.0,HK.00700,腾讯控股,HK
2023-12-15,303.1,311.5,301.1,306.5,30917917,9741462274.0,HK.00700,腾讯控股,HK
2023-12-18,301.7,304.7,301.7,303.7,12094993,3761863748.0,HK.00700,腾讯控股,HK
2023-12-19,303.1,306.5,298.7,303.9,12530326,3892814250.0,HK.00700,腾讯控股,HK
2023-12-20,308.3,310.3,304.3,306.3,14187408,4471236272.0,HK.00700,腾讯控股,HK
2023-12-21,301.3,305.7,301.1,304.7,10167030,3167141141.0,HK.00700,腾讯控股,HK
2023-12-22,309.1,309.1,255.7,266.1,147014902,40572370982.0,HK.00700,腾讯控股,HK
2023-12-27,274.3,283.1,274.3,277.1,64471032,18422333099.0,HK.00700,腾讯控股,HK
2023-12-28,277.1,287.7,276.9,285.1,37840686,10982107841.0,HK.00700,腾讯控股,HK
2023-12-29,287.1,287.9,281.7,285.7,19624685,5748957744.0,HK.00700,腾讯控股,HK
2024-01-02,292.1,297.1,286.5,288.7,23354069,6962383856.0,HK.00700,腾讯控股,HK
2024-01-03,286.1,293.7,284.5,292.7,20391718,6085147367.0,HK.00700,腾讯控股,HK
2024-01-04,296.5,296.5,290.1,290.9,20217430,6060645067.0,HK.00700,腾讯控股,HK
2024-01-05,287.5,288.7,281.7,284.3,23745017,6955882327.0,HK.00700,腾讯控股,HK
2024-01-08,286.5,286.7,277.3,280.1,16718452,4808945707.0,HK.00700,腾讯控股,HK
2024-01-09,278.1,281.3,275.5,275.7,16927478,4836417346.0,HK.00700,腾讯控股,HK
2024-01-10,274.1,277.3,268.9,272.3,19146068,5366550706.0,HK.00700,腾讯控股,HK
2024-01-11,272.7,284.5,272.1,279.5,20604580,5923778710.0,HK.00700,腾讯控股,HK
2024-01-12,277.7,285.1,276.9,280.5,15770055,4564846573.0,HK.00700,腾讯控股,HK
2024-01-15,282.1,285.9,279.7,281.5,16334371,4735733149.0,HK.00700,腾讯控股,HK
2024-01-16,275.9,280.9,272.1,274.5,22236094,6296367933.0,HK.00700,腾讯控股,HK
2024-01-17,269.1,270.9,264.3,266.7,36114167,9920052518.0,HK.00700,腾讯控股,HK
2024-01-18,266.7,271.3,263.3,269.7,24604079,6776282696.0,HK.00700,腾讯控股,HK
2024-01-19,267.1,274.7,260.3,263.3,26897479,7357692839.0,HK.00700,腾讯控股,HK
2024-01-22,262.7,263.7,252.3,254.3,33654810,8880717645.0,HK.00700,腾讯控股,HK
2024-01-23,258.9,270.3,255.3,264.1,35610787,9683595311.0,HK.00700,腾讯控股,HK
2024-01-24,271.7,276.5,264.3,273.9,33863638,9417935656.0,HK.00700,腾讯控股,HK
2024-01-25,277.1,284.1,272.9,282.9,34160783,9841462621.0,HK.00700,腾讯控股,HK
2024-01-26,280.3,282.3,273.3,274.9,24815795,7079875596.0,HK.00700,腾讯控股,HK
2024-01-29,278.1,280.5,271.5,274.1,20159014,5699930982.0,HK.00700,腾讯控股,HK
2024-01-30,269.3,272.1,265.1,265.9,21505998,5913403599.0,HK.00700,腾讯控股,HK
2024-01-31,265.9,270.1,260.5,262.7,20052974,5438242133.0,HK.00700,腾讯控股,HK
2024-02-01,262.1,269.9,260.1,263.7,17329472,4720877744.0,HK.00700,腾讯控股,HK
2024-02-02,276.7,279.7,267.1,271.5,31053753,8741240897.0,HK.00700,腾讯控股,HK
2024-02-05,270.5,275.5,265.9,271.7,20456590,5693719708.0,HK.00700,腾讯控股,HK
2024-02-06,271.9,284.7,271.7,282.9,28856902,8307954181.0,HK.00700,腾讯控股,HK
2024-02-07,287.1,289.1,280.9,284.3,26343654,7718411659.0,HK.00700,腾讯控股,HK
2024-02-08,282.1,285.3,278.5,279.3,17910672,5168657520.0,HK.00700,腾讯控股,HK
2024-02-09,276.7,279.5,273.5,279.3,6732059,1913725595.0,HK.00700,腾讯控股,HK
2024-02-14,279.1,283.3,274.1,282.1,11567444,3330238325.0,HK.00700,腾讯控股,HK
2024-02-15,280.7,282.1,277.1,277.5,12568028,3601580022.0,HK.00700,腾讯控股,HK
2024-02-16,277.7,283.9,272.5,283.9,17215356,4948591634.0,HK.00700,腾讯控股,HK
2024-02-19,283.5,283.5,275.9,276.9,15415304,4415094331.0,HK.00700,腾讯控股,HK
2024-02-20,279.1,279.9,272.5,276.3,15773028,4459365127.0,HK.00700,腾讯控股,HK
2024-02-21,272.9,286.7,272.9,280.9,23947218,6932698628.0,HK.00700,腾讯控股,HK
2024-02-22,280.3,283.5,278.9,283.5,12441270,3603265882.0,HK.00700,腾讯控股,HK
2024-02-23,282.1,288.5,279.1,282.9,13229798,3842413526.0,HK.00700,腾讯控股,HK
2024-02-26,279.5,282.3,277.5,279.3,12412426,3559023840.0,HK.00700,腾讯控股,HK
2024-02-27,278.3,278.3,270.3,276.7,23612599,6662498545.0,HK.00700,腾讯控股,HK
2024-02-28,277.1,277.9,268.5,269.1,25903478,7245008449.0,HK.00700,腾讯控股,HK
2024-02-29,267.3,271.1,266.7,269.3,29721885,8231584617.0,HK.00700,腾讯控股,HK
2024-03-01,265.1,271.1,263.9,269.5,27952651,7713358074.0,HK.00700,腾讯控股,HK
2024-03-04,269.5,272.1,266.9,268.3,13832089,3823469208.0,HK.00700,腾讯控股,HK
2024-03-05,262.3,265.3,258.3,260.3,26055083,7021429162.0,HK.00700,腾讯控股,HK
2024-03-06,258.1,269.1,257.9,266.7,23289346,6357883429.0,HK.00700,腾讯控股,HK
2024-03-07,266.9,267.7,261.3,263.1,17159729,4665844767.0,HK.00700,腾讯控股,HK
2024-03-08,264.1,267.7,262.1,262.1,12416156,3380545324.0,HK.00700,腾讯控股,HK
2024-03-11,263.3,270.7,263.3,270.7,17866889,4936584620.0,HK.00700,腾讯控股,HK
2024-03-12,274.1,284.7,272.3,282.9,36531141,10506831805.0,HK.00700,腾讯控股,HK
2024-03-13,283.5,286.1,280.7,282.7,20074418,5850784424.0,HK.00700,腾讯控股,HK
2024-03-14,281.5,286.1,278.9,281.3,14227432,4114240447.0,HK.00700,腾讯控股,HK
2024-03-15,275.1,278.3,271.7,275.9,29183023,8265577655.0,HK.00700,腾讯控股,HK
2024-03-18,274.3,283.5,274.3,281.9,19633305,5654374640.0,HK.00700,腾讯控股,HK
2024-03-19,281.1,283.3,277.1,277.1,15635351,4493812251.0,HK.00700,腾讯控股,HK
2024-03-20,277.5,282.3,275.1,280.9,15622235,4499879183.0,HK.00700,腾讯控股,HK
2024-03-21,287.3,290.3,281.7,283.3,36868686,10838694493.0,HK.00700,腾讯控股,HK
2024-03-22,279.5,282.5,274.5,280.9,26432205,7578583691.0,HK.00700,腾讯控股,HK
2024-03-25,280.9,282.7,277.1,280.7,21127168,6091145042.0,HK.00700,腾讯控股,HK
2024-03-26,278.1,292.7,278.1,291.5,33998571,10047178514.0,HK.00700,腾讯控股,HK
2024-03-27,288.1,299.7,287.9,294.1,38753084,11767791351.0,HK.00700,腾讯控股,HK
2024-03-28,294.1,301.7,293.5,295.9,30000843,9153818094.0,HK.00700,腾讯控股,HK
2024-04-02,301.1,304.5,299.9,301.3,26561604,8219109343.0,HK.00700,腾讯控股,HK
2024-04-03,304.1,304.1,298.5,300.5,19696947,6080044192.0,HK.00700,腾讯控股,HK
2024-04-05,301.7,303.7,296.5,302.1,13582369,4191612734.0,HK.00700,腾讯控股,HK
2024-04-08,297.3,303.1,296.5,297.5,21656541,6642553971.0,HK.00700,腾讯控股,HK
2024-04-09,299.5,300.9,295.1,297.1,17879375,5461280620.0,HK.00700,腾讯控股,HK
2024-04-10,298.5,307.3,298.5,306.3,24730145,7718209929.0,HK.00700,腾讯控股,HK
2024-04-11,301.9,308.7,301.1,307.1,18834968,5912379640.0,HK.00700,腾讯控股,HK
2024-04-12,306.1,310.1,301.5,301.7,23031342,7201400890.0,HK.00700,腾讯控股,HK
2024-04-15,296.7,300.9,295.9,296.5,18295291,5593339139.0,HK.00700,腾讯控股,HK
2024-04-16,293.3,300.5,292.1,293.9,19691636,5979713952.0,HK.00700,腾讯控股,HK
2024-04-17,293.9,296.1,289.9,292.9,14410544,4332377122.0,HK.00700,腾讯控股,HK
2024-04-18,294.3,300.9,290.7,296.5,19058907,5817112793.0,HK.00700,腾讯控股,HK
2024-04-19,295.5,297.5,291.7,295.9,19472600,5891457574.0,HK.00700,腾讯控股,HK
2024-04-22,300.1,314.7,298.9,312.5,41133325,13065634056.0,HK.00700,腾讯控股,HK
2024-04-23,318.1,325.7,317.3,324.5,43821652,14443015826.0,HK.00700,腾讯控股,HK
2024-04-24,329.9,337.1,327.5,336.3,41472682,14131709369.0,HK.00700,腾讯控股,HK
2024-04-25,332.3,338.5,328.5,331.5,27727556,9447179394.0,HK.00700,腾讯控股,HK
2024-04-26,332.1,343.9,332.1,340.5,29599531,10298055730.0,HK.00700,腾讯控股,HK
2024-04-29,340.5,346.9,337.3,339.7,25416523,8909313770.0,HK.00700,腾讯控股,HK
2024-04-30,341.7,342.9,336.1,339.3,15957023,5549476351.0,HK.00700,腾讯控股,HK
2024-05-02,341.1,353.3,337.5,352.5,22479610,8048229558.0,HK.00700,腾讯控股,HK
2024-05-03,363.1,364.7,352.7,356.5,23592345,8612647977.0,HK.00700,腾讯控股,HK
2024-05-06,356.7,365.1,355.1,362.3,26208326,9662184937.0,HK.00700,腾讯控股,HK
2024-05-07,359.5,363.3,355.5,357.9,19408056,7119649470.0,HK.00700,腾讯控股,HK
2024-05-08,358.5,363.9,351.9,353.5,20058148,7307654402.0,HK.00700,腾讯控股,HK
2024-05-09,353.1,362.1,352.5,361.9,16026030,5882164677.0,HK.00700,腾讯控股,HK
2024-05-10,365.9,366.3,357.1,363.1,15693045,5809252084.0,HK.00700,腾讯控股,HK
2024-05-13,360.7,372.1,360.1,370.3,20558084,7727774454.0,HK.00700,腾讯控股,HK
2024-05-14,373.1,376.9,370.7,373.9,21603101,8251923622.0,HK.00700,腾讯控股,HK
2024-05-16,392.1,393.1,386.7,389.1,58430778,23268551890.0,HK.00700,腾讯控股,HK
2024-05-17,392.5,395.7,389.7,390.5,27916392,11081611102.0,HK.00700,腾讯控股,HK
2024-05-20,392.5,395.3,388.3,390.5,22331961,8829405381.0,HK.00700,腾讯控股,HK
2024-05-21,388.9,388.9,375.1,379.1,30679849,11791772111.0,HK.00700,腾讯控股,HK
2024-05-22,374.7,382.3,372.1,379.9,22374764,8564093703.0,HK.00700,腾讯控股,HK
2024-05-23,376.1,379.5,371.9,377.3,18323988,6982435896.0,HK.00700,腾讯控股,HK
2024-05-24,373.7,378.1,370.3,372.5,19143321,7222647941.0,HK.00700,腾讯控股,HK
2024-05-27,367.5,373.1,357.9,372.9,32132068,11927773448.0,HK.00700,腾讯控股,HK
2024-05-28,372.7,381.5,368.9,375.7,16614787,6330014080.0,HK.00700,腾讯控股,HK
2024-05-29,372.9,375.3,365.1,366.5,27378220,10232747364.0,HK.00700,腾讯控股,HK
2024-05-30,365.5,369.7,361.3,363.5,22006500,8119057639.0,HK.00700,腾讯控股,HK
2024-05-31,366.7,374.5,355.3,355.3,40035868,14674997389.0,HK.00700,腾讯控股,HK
2024-06-03,362.3,374.5,362.1,370.5,28125374,10465478719.0,HK.00700,腾讯控股,HK
2024-06-04,370.5,375.1,369.3,372.9,18043066,6808408201.0,HK.00700,腾讯控股,HK
2024-06-05,373.1,383.3,373.1,376.3,20205424,7734931399.0,HK.00700,腾讯控股,HK
2024-06-06,382.9,386.5,374.5,377.1,18888938,7252563273.0,HK.00700,腾讯控股,HK
2024-06-07,378.5,380.1,368.3,370.3,25247259,9484569639.0,HK.00700,腾讯控股,HK
2024-06-11,362.9,373.3,362.9,369.3,26496779,9897549378.0,HK.00700,腾讯控股,HK
2024-06-12,369.3,373.3,365.1,366.3,14960058,5568239314.0,HK.00700,腾讯控股,HK
2024-06-13,371.9,376.1,369.1,375.3,15337042,5782500207.0,HK.00700,腾讯控股,HK
2024-06-14,379.1,379.1,374.1,375.3,20859332,7947024569.0,HK.00700,腾讯控股,HK
2024-06-17,371.7,381.3,370.3,376.7,15281150,5828851506.0,HK.00700,腾讯控股,HK
2024-06-18,376.9,379.3,372.5,372.5,14278934,5421694736.0,HK.00700,腾讯控股,HK
2024-06-19,375.9,386.5,373.9,384.5,22313477,8621510893.0,HK.00700,腾讯控股,HK
2024-06-20,387.5,387.5,381.1,383.1,14049005,5458760162.0,HK.00700,腾讯控股,HK
2024-06-21,379.3,380.7,373.5,376.9,25855005,9865327581.0,HK.00700,腾讯控股,HK
2024-06-24,373.1,376.5,369.5,375.9,12919565,4877042793.0,HK.00700,腾讯控股,HK
2024-06-25,377.3,380.5,374.1,377.5,12789522,4886651275.0,HK.00700,腾讯控股,HK
2024-06-26,374.7,378.5,372.5,377.5,11886907,4523976740.0,HK.00700,腾讯控股,HK
2024-06-27,375.1,375.5,367.7,369.9,17513758,6579329993.0,HK.00700,腾讯控股,HK
2024-06-28,367.1,371.5,366.3,367.9,15561097,5808359575.0,HK.00700,腾讯控股,HK
2024-07-02,362.5,371.7,360.7,364.7,27266647,10065077874.0,HK.00700,腾讯控股,HK
2024-07-03,362.3,376.3,362.3,374.9,22256951,8344723464.0,HK.00700,腾讯控股,HK
2024-07-04,382.3,382.3,374.1,377.9,15437093,5903308155.0,HK.00700,腾讯控股,HK
2024-07-05,380.3,381.1,374.3,375.3,10522095,4013583387.0,HK.00700,腾讯控股,HK
2024-07-08,377.3,378.7,371.1,374.1,11623215,4404429857.0,HK.00700,腾讯控股,HK
2024-07-09,372.5,377.7,371.5,376.5,13024401,4937581755.0,HK.00700,腾讯控股,HK
2024-07-10,380.7,381.3,372.3,373.1,15586645,5939592207.0,HK.00700,腾讯控股,HK
2024-07-11,374.9,381.5,373.7,380.3,16590064,6361566091.0,HK.00700,腾讯控股,HK
2024-07-12,386.3,392.7,384.7,392.5,27521352,10843285355.0,HK.00700,腾讯控股,HK
2024-07-15,388.7,392.5,384.1,385.7,13680185,5356488154.0,HK.00700,腾讯控股,HK
2024-07-16,381.5,382.9,373.3,373.5,19061149,7266853576.0,HK.00700,腾讯控股,HK
2024-07-17,370.5,372.9,363.9,367.3,25857823,9626459946.0,HK.00700,腾讯控股,HK
2024-07-18,363.5,367.1,362.5,364.7,18944747,7004246008.0,HK.00700,腾讯控股,HK
2024-07-19,362.1,363.9,358.5,359.5,23088518,8436931105.0,HK.00700,腾讯控股,HK
2024-07-22,362.7,371.3,360.9,368.7,16960926,6308844632.0,HK.00700,腾讯控股,HK
2024-07-23,370.5,371.9,361.5,361.7,12104461,4468643968.0,HK.00700,腾讯控股,HK
2024-07-24,361.3,365.1,356.1,358.7,11800216,4296613335.0,HK.00700,腾讯控股,HK
2024-07-25,355.7,357.1,346.5,346.7,25787277,9109434950.0,HK.00700,腾讯控股,HK
2024-07-26,348.3,353.9,347.9,349.9,13267324,4713926982.0,HK.00700,腾讯控股,HK
2024-07-29,355.3,357.5,349.3,353.7,12872249,4621511204.0,HK.00700,腾讯控股,HK
2024-07-30,350.9,353.1,347.9,349.1,9749595,3449679960.0,HK.00700,腾讯控股,HK
2024-07-31,347.7,362.3,346.5,357.7,20304313,7342932634.0,HK.00700,腾讯控股,HK
2024-08-01,359.3,364.1,359.1,361.1,12412285,4542267305.0,HK.00700,腾讯控股,HK
2024-08-02,356.3,360.9,351.7,353.7,17707597,6362989242.0,HK.00700,腾讯控股,HK
2024-08-05,347.5,359.7,344.5,352.1,22963458,8149877925.0,HK.00700,腾讯控股,HK
2024-08-06,356.1,358.9,344.9,349.9,17674374,6271399997.0,HK.00700,腾讯控股,HK
2024-08-07,350.7,360.9,350.7,358.9,15840290,5741644841.0,HK.00700,腾讯控股,HK
2024-08-08,356.7,369.9,354.9,363.7,18811540,6937667976.0,HK.00700,腾讯控股,HK
2024-08-09,366.9,371.5,363.9,365.5,16353916,6076519265.0,HK.00700,腾讯控股,HK
2024-08-12,367.5,372.1,365.5,370.5,10215275,3820531726.0,HK.00700,腾讯控股,HK
2024-08-13,371.5,376.1,371.1,374.1,13590391,5139849633.0,HK.00700,腾讯控股,HK
2024-08-14,374.1,374.9,364.9,369.3,18692686,6972998414.0,HK.00700,腾讯控股,HK
2024-08-15,361.7,370.3,359.7,363.9,21443850,7911688768.0,HK.00700,腾讯控股,HK
2024-08-16,367.5,370.7,364.3,368.1,16414338,6118049481.0,HK.00700,腾讯控股,HK
2024-08-19,373.1,373.1,366.7,368.1,15210162,5682955534.0,HK.00700,腾讯控股,HK
2024-08-20,368.3,369.3,364.5,365.9,11852608,4396264807.0,HK.00700,腾讯控股,HK
2024-08-21,362.9,369.3,360.7,367.1,11647083,4321314134.0,HK.00700,腾讯控股,HK
2024-08-22,370.3,373.3,366.7,373.3,16786859,6292362555.0,HK.00700,腾讯控股,HK
2024-08-23,372.5,374.1,369.1,371.1,13055635,4915768223.0,HK.00700,腾讯控股,HK
2024-08-26,373.5,380.3,373.1,377.5,16251125,6187192968.0,HK.00700,腾讯控股,HK
2024-08-27,373.5,378.1,372.7,377.3,13675535,5201725475.0,HK.00700,腾讯控股,HK
2024-08-28,378.5,378.5,367.9,369.7,14602521,5488468925.0,HK.00700,腾讯控股,HK
2024-08-29,365.5,373.5,364.5,373.1,12890430,4823697844.0,HK.00700,腾讯控股,HK
2024-08-30,373.1,381.1,372.3,377.5,30873303,11814702142.0,HK.00700,腾讯控股,HK
2024-09-02,375.5,378.7,371.9,373.3,13878671,5266962582.0,HK.00700,腾讯控股,HK
2024-09-03,373.5,376.9,370.3,373.7,9814885,3712928885.0,HK.00700,腾讯控股,HK
2024-09-04,369.7,372.1,366.7,368.3,13278870,4953267380.0,HK.00700,腾讯控股,HK
2024-09-05,365.9,372.1,365.9,368.9,9576319,3573609644.0,HK.00700,腾讯控股,HK
2024-09-09,365.5,366.7,360.7,366.7,20078164,7403940509.0,HK.00700,腾讯控股,HK
2024-09-10,364.7,366.1,361.5,364.1,12303441,4541788101.0,HK.00700,腾讯控股,HK
2024-09-11,362.1,366.1,360.5,365.7,12043623,4427792878.0,HK.00700,腾讯控股,HK
2024-09-12,366.5,372.5,365.1,368.1,13800366,5155819382.0,HK.00700,腾讯控股,HK
2024-09-13,368.3,372.3,368.3,370.3,11013765,4126159335.0,HK.00700,腾讯控股,HK
2024-09-16,368.1,373.3,365.9,373.3,7689238,2888661599.0,HK.00700,腾讯控股,HK
2024-09-17,367.5,376.9,367.5,375.5,10147851,3843832264.0,HK.00700,腾讯控股,HK
2024-09-19,375.1,385.3,372.1,384.3,25801963,9956351927.0,HK.00700,腾讯控股,HK
2024-09-20,385.5,388.9,379.3,384.1,28407069,11037802946.0,HK.00700,腾讯控股,HK
2024-09-23,383.5,387.5,380.7,383.1,15223032,5901921827.0,HK.00700,腾讯控股,HK
2024-09-24,388.5,397.7,384.9,397.7,42919010,17036649591.0,HK.00700,腾讯控股,HK
2024-09-25,413.5,413.5,396.9,400.9,40112126,16419449388.0,HK.00700,腾讯控股,HK
2024-09-26,403.5,425.5,402.3,425.5,50254878,21170861674.0,HK.00700,腾讯控股,HK
2024-09-27,438.7,440.3,428.1,433.3,57154793,25050353600.0,HK.00700,腾讯控股,HK
2024-09-30,445.1,452.9,429.7,440.1,75459468,33640909924.0,HK.00700,腾讯控股,HK
2024-10-02,445.5,475.1,444.7,465.5,48766943,22740694506.0,HK.00700,腾讯控股,HK
2024-10-03,466.5,472.1,448.7,461.7,31600782,14666391360.0,HK.00700,腾讯控股,HK
2024-10-04,465.5,474.5,457.7,473.1,24663665,11687744228.0,HK.00700,腾讯控股,HK
2024-10-07,475.3,477.9,465.1,473.9,25334387,12100493260.0,HK.00700,腾讯控股,HK
2024-10-08,467.5,472.3,434.1,434.1,70468024,31910928585.0,HK.00700,腾讯控股,HK
2024-10-09,444.5,448.5,419.5,429.7,46372903,20395255847.0,HK.00700,腾讯控股,HK
2024-10-10,433.5,444.1,431.9,434.3,33111230,14647696645.0,HK.00700,腾讯控股,HK
2024-10-14,436.3,436.3,419.5,431.5,30316807,13164335484.0,HK.00700,腾讯控股,HK
2024-10-15,429.3,429.3,408.1,412.5,33478410,14096594793.0,HK.00700,腾讯控股,HK
2024-10-16,410.5,421.3,408.1,411.3,22490256,9408091928.0,HK.00700,腾讯控股,HK
2024-10-17,413.5,422.3,405.5,408.1,16476899,6891360483.0,HK.00700,腾讯控股,HK
2024-10-18,408.1,431.1,406.9,426.3,25963857,11032073978.0,HK.00700,腾讯控股,HK
2024-10-21,426.1,426.9,414.7,416.5,16334100,6931274444.0,HK.00700,腾讯控股,HK
2024-10-22,418.7,419.1,413.5,417.1,11027704,4640118297.0,HK.00700,腾讯控股,HK
2024-10-23,418.5,427.7,412.1,423.7,14656951,6257381250.0,HK.00700,腾讯控股,HK
2024-10-24,420.5,421.1,415.1,417.5,11202752,4728256741.0,HK.00700,腾讯控股,HK
2024-10-25,423.1,423.1,414.1,416.5,11951879,5042478403.0,HK.00700,腾讯控股,HK
2024-10-28,416.5,417.7,409.1,412.7,15551935,6490536102.0,HK.00700,腾讯控股,HK
2024-10-29,414.9,418.9,410.7,413.9,13797786,5779088134.0,HK.00700,腾讯控股,HK
2024-10-30,409.1,413.5,406.1,406.5,17895482,7390929003.0,HK.00700,腾讯控股,HK
2024-10-31,405.9,414.3,400.1,400.1,22753709,9311202110.0,HK.00700,腾讯控股,HK
2024-11-01,401.5,417.9,401.5,414.7,21086569,8772957316.0,HK.00700,腾讯控股,HK
2024-11-04,418.5,419.3,411.5,414.5,11706119,4907800634.0,HK.00700,腾讯控股,HK
2024-11-05,410.7,423.3,410.7,423.3,15270863,6467649437.0,HK.00700,腾讯控股,HK
2024-11-06,420.5,421.7,408.7,415.3,20755203,8721758302.0,HK.00700,腾讯控股,HK
2024-11-07,412.5,425.1,409.9,423.9,19924018,8451854957.0,HK.00700,腾讯控股,HK
2024-11-08,430.5,431.5,414.9,416.3,19389836,8248754864.0,HK.00700,腾讯控股,HK
2024-11-11,407.5,411.1,404.9,408.7,22857586,9415370362.0,HK.00700,腾讯控股,HK
2024-11-12,404.9,409.3,398.5,399.3,27303282,11097703325.0,HK.00700,腾讯控股,HK
2024-11-13,392.7,402.7,391.5,399.3,28307185,11330712756.0,HK.00700,腾讯控股,HK
2024-11-14,397.1,410.5,393.3,398.9,34898922,14209879823.0,HK.00700,腾讯控股,HK
2024-11-15,399.5,402.5,394.5,396.5,29061324,11694318621.0,HK.00700,腾讯控股,HK
2024-11-18,400.7,408.9,397.1,399.7,20493537,8334918073.0,HK.00700,腾讯控股,HK
2024-11-19,402.1,404.5,398.9,401.7,13879296,5642160961.0,HK.00700,腾讯控股,HK
2024-11-20,403.7,409.3,401.7,406.3,15005135,6154781898.0,HK.00700,腾讯控股,HK
2024-11-21,404.9,406.9,402.5,403.1,12501718,5113866289.0,HK.00700,腾讯控股,HK
2024-11-22,404.3,407.9,395.1,396.1,16949546,6864777347.0,HK.00700,腾讯控股,HK
2024-11-25,395.5,397.9,389.3,390.7,27888308,11050846352.0,HK.00700,腾讯控股,HK
2024-11-26,387.7,394.7,387.7,389.3,16940574,6691211866.0,HK.00700,腾讯控股,HK
2024-11-27,390.1,401.7,387.5,398.3,16685594,6663311548.0,HK.00700,腾讯控股,HK
2024-11-28,396.9,399.7,392.9,395.5,13067643,5231565698.0,HK.00700,腾讯控股,HK
2024-11-29,390.5,398.3,390.5,393.5,15626995,6222578704.0,HK.00700,腾讯控股,HK
2024-12-02,393.5,397.1,391.1,395.3,13334410,5315344071.0,HK.00700,腾讯控股,HK
2024-12-03,398.7,399.9,389.9,399.9,18362569,7349822394.0,HK.00700,腾讯控股,HK
2024-12-04,397.7,401.1,395.3,398.7,14053234,5659584173.0,HK.00700,腾讯控股,HK
2024-12-05,398.9,402.1,396.3,400.7,13314801,5387437368.0,HK.00700,腾讯控股,HK
2024-12-06,402.3,410.1,400.5,408.1,27711445,11355635110.0,HK.00700,腾讯控股,HK
2024-12-09,401.7,416.7,401.7,414.3,22461949,9280106150.0,HK.00700,腾讯控股,HK
2024-12-10,425.5,426.5,405.9,406.7,30282843,12685586317.0,HK.00700,腾讯控股,HK
2024-12-11,410.3,410.5,402.7,405.3,13098201,5375397926.0,HK.00700,腾讯控股,HK
2024-12-12,409.5,418.3,404.7,411.1,23414258,9764008489.0,HK.00700,腾讯控股,HK
2024-12-13,408.5,410.5,404.1,405.3,16296064,6700157586.0,HK.00700,腾讯控股,HK
2024-12-16,405.5,406.9,399.3,401.1,14059845,5717887485.0,HK.00700,腾讯控股,HK
2024-12-17,397.5,403.5,397.3,398.1,16779048,6775381419.0,HK.00700,腾讯控股,HK
2024-12-18,403.5,404.3,399.5,401.5,14906072,6055022951.0,HK.00700,腾讯控股,HK
2024-12-19,397.7,417.5,396.9,410.7,34671236,14310455150.0,HK.00700,腾讯控股,HK
2024-12-20,409.7,425.3,409.7,421.9,44834041,19091460065.0,HK.00700,腾讯控股,HK
2024-12-23,426.1,426.5,411.7,415.7,20856154,8789976430.0,HK.00700,腾讯控股,HK
2024-12-24,416.5,417.1,413.1,415.5,7873769,3304033747.0,HK.00700,腾讯控股,HK
2024-12-27,413.1,416.5,411.1,412.9,13545082,5658808228.0,HK.00700,腾讯控股,HK
2024-12-30,413.5,417.3,411.3,414.5,13515622,5658833713.0,HK.00700,腾讯控股,HK
2024-12-31,412.7,416.9,411.3,412.5,10867280,4549301806.0,HK.00700,腾讯控股,HK
2025-01-02,412.5,420.5,409.1,411.5,20733037,8663880815.0,HK.00700,腾讯控股,HK
2025-01-03,413.5,414.5,405.9,409.7,16843241,6981757015.0,HK.00700,腾讯控股,HK
2025-01-06,410.5,410.5,402.7,404.9,16869318,6913962011.0,HK.00700,腾讯控股,HK
2025-01-07,376.1,388.3,372.1,375.1,142920468,54765124550.0,HK.00700,腾讯控股,HK
2025-01-08,366.7,375.3,361.1,364.7,95456188,35455056165.0,HK.00700,腾讯控股,HK
2025-01-09,360.5,374.9,360.5,368.9,60578450,22635953876.0,HK.00700,腾讯控股,HK
2025-01-10,369.1,374.9,365.1,365.1,37053933,13862840308.0,HK.00700,腾讯控股,HK
2025-01-13,360.3,367.1,360.3,361.5,34785015,12807672283.0,HK.00700,腾讯控股,HK
2025-01-14,361.1,375.1,361.1,370.5,40623785,15194363089.0,HK.00700,腾讯控股,HK
2025-01-15,368.9,380.9,368.5,375.5,29158255,11078584830.0,HK.00700,腾讯控股,HK
2025-01-16,379.5,382.1,372.1,377.9,26141103,9980555775.0,HK.00700,腾讯控股,HK
2025-01-17,376.5,377.7,373.9,375.3,17138321,6508060710.0,HK.00700,腾讯控股,HK
2025-01-20,375.7,388.3,375.7,385.3,31141403,12097853995.0,HK.00700,腾讯控股,HK
2025-01-21,387.5,387.7,381.9,382.9,25249668,9804257217.0,HK.00700,腾讯控股,HK
2025-01-22,380.5,384.1,376.5,378.9,17859069,6847451534.0,HK.00700,腾讯控股,HK
2025-01-23,378.5,381.5,375.1,376.7,21256810,8126061004.0,HK.00700,腾讯控股,HK
2025-01-24,378.7,387.9,377.7,386.1,24079119,9365230981.0,HK.00700,腾讯控股,HK
2025-01-27,383.5,393.5,383.5,391.1,23605938,9317464987.0,HK.00700,腾讯控股,HK
2025-01-28,396.5,401.5,394.5,396.7,14203491,5712247749.0,HK.00700,腾讯控股,HK
2025-02-03,395.5,400.3,389.7,399.7,27917841,11162153158.0,HK.00700,腾讯控股,HK
2025-02-04,404.7,416.7,402.5,416.3,31276268,13026602852.0,HK.00700,腾讯控股,HK
2025-02-05,417.1,417.1,405.5,413.3,32129392,13372038998.0,HK.00700,腾讯控股,HK
2025-02-06,411.7,415.9,408.9,415.9,19585105,8177045145.0,HK.00700,腾讯控股,HK
2025-02-07,415.9,427.9,413.3,423.7,34567530,14741790890.0,HK.00700,腾讯控股,HK
2025-02-10,425.1,435.3,424.3,432.5,31411302,13701174483.0,HK.00700,腾讯控股,HK
2025-02-11,435.5,436.7,421.1,422.9,30893563,13324637665.0,HK.00700,腾讯控股,HK
2025-02-12,424.5,440.1,421.5,439.7,38264929,16740640484.0,HK.00700,腾讯控股,HK
2025-02-13,444.5,460.1,432.5,437.5,60985718,27423907000.0,HK.00700,腾讯控股,HK
2025-02-14,445.3,470.3,442.1,470.3,74519223,34511558043.0,HK.00700,腾讯控股,HK
2025-02-17,501.5,507.5,480.5,489.1,126223580,63032650373.0,HK.00700,腾讯控股,HK
2025-02-18,489.7,508.5,489.3,499.0,62529454,31471019731.0,HK.00700,腾讯控股,HK
2025-02-19,495.5,496.0,488.7,493.3,34127174,16979621053.0,HK.00700,腾讯控股,HK
2025-02-20,486.7,488.5,478.1,482.3,34549151,16830027103.0,HK.00700,腾讯控股,HK
2025-02-21,500.5,512.5,494.9,512.5,73545153,37396803472.0,HK.00700,腾讯控股,HK
2025-02-24,517.5,517.5,492.7,492.7,67542767,34199696303.0,HK.00700,腾讯控股,HK
2025-02-25,473.3,486.5,471.9,480.3,56509529,27378431338.0,HK.00700,腾讯控股,HK
2025-02-26,483.5,503.5,483.3,497.0,40489654,20234072819.0,HK.00700,腾讯控股,HK
2025-02-27,499.0,507.5,487.1,490.9,38902820,19434077170.0,HK.00700,腾讯控股,HK
2025-02-28,488.3,493.3,471.5,474.1,52160819,25187448106.0,HK.00700,腾讯控股,HK
2025-03-03,479.1,492.5,475.3,478.7,32752021,15971446262.0,HK.00700,腾讯控股,HK
2025-03-04,474.5,488.5,468.7,486.5,31124964,15131838819.0,HK.00700,腾讯控股,HK
2025-03-05,497.5,504.5,493.5,501.0,35165757,17704409771.0,HK.00700,腾讯控股,HK
2025-03-06,516.5,539.5,516.5,539.5,79683892,42493519327.0,HK.00700,腾讯控股,HK
2025-03-07,534.5,542.5,524.5,529.0,46494425,24958094063.0,HK.00700,腾讯控股,HK
2025-03-10,523.5,533.0,507.5,512.0,34415026,17943129937.0,HK.00700,腾讯控股,HK
2025-03-11,497.0,515.5,496.0,513.0,33852768,17316782894.0,HK.00700,腾讯控股,HK
2025-03-12,518.5,520.5,500.5,507.5,28031056,14392005064.0,HK.00700,腾讯控股,HK
2025-03-13,508.5,511.5,494.7,503.0,27326941,13847803125.0,HK.00700,腾讯控股,HK
2025-03-14,508.5,526.5,503.0,517.0,30711707,16031719897.0,HK.00700,腾讯控股,HK
2025-03-17,527.5,530.0,517.5,520.0,22096160,11643059956.0,HK.00700,腾讯控股,HK
2025-03-18,534.0,539.0,529.0,536.5,33639833,18122094127.0,HK.00700,腾讯控股,HK
2025-03-19,538.0,540.5,529.5,535.5,31604153,17070297193.0,HK.00700,腾讯控股,HK
2025-03-20,536.0,536.5,513.5,515.0,49845030,26156573461.0,HK.00700,腾讯控股,HK
2025-03-21,513.5,521.5,501.0,507.0,42260479,21649092742.0,HK.00700,腾讯控股,HK
2025-03-24,509.5,513.0,500.0,508.5,24598555,12575591612.0,HK.00700,腾讯控股,HK
2025-03-25,508.5,511.0,496.5,497.5,27744935,14019727299.0,HK.00700,腾讯控股,HK
2025-03-26,497.5,506.0,497.5,502.0,17310634,8757798653.0,HK.00700,腾讯控股,HK
2025-03-27,504.5,511.5,497.5,504.5,17595617,8980372215.0,HK.00700,腾讯控股,HK
2025-03-28,507.0,512.0,499.0,505.0,18594342,9479836573.0,HK.00700,腾讯控股,HK
2025-03-31,500.5,503.0,490.1,492.5,28036973,13996725056.0,HK.00700,腾讯控股,HK
2025-04-01,496.5,507.0,495.5,499.5,19518013,9865122834.0,HK.00700,腾讯控股,HK
2025-04-02,500.5,504.5,494.7,499.5,14247546,7168421768.0,HK.00700,腾讯控股,HK
2025-04-03,488.5,496.0,486.7,493.3,29219618,14472384655.0,HK.00700,腾讯控股,HK
2025-04-07,437.3,457.9,426.5,430.9,123364114,54994755337.0,HK.00700,腾讯控股,HK
2025-04-08,436.3,446.7,425.5,435.9,65120104,28693494122.0,HK.00700,腾讯控股,HK
2025-04-09,421.5,442.5,414.5,436.7,66484213,28808415200.0,HK.00700,腾讯控股,HK
2025-04-10,455.5,457.1,438.5,440.3,57799983,26103188937.0,HK.00700,腾讯控股,HK
2025-04-11,435.5,448.1,427.5,438.9,46594597,20558649803.0,HK.00700,腾讯控股,HK
2025-04-14,448.5,454.7,444.3,449.5,30346489,13773742810.0,HK.00700,腾讯控股,HK
2025-04-15,460.1,460.1,447.1,451.5,20245398,9242295261.0,HK.00700,腾讯控股,HK
2025-04-16,446.1,447.1,435.7,443.5,27322773,12171376987.0,HK.00700,腾讯控股,HK
2025-04-17,445.9,457.5,445.3,453.5,24479822,11188898166.0,HK.00700,腾讯控股,HK
2025-04-22,455.5,458.3,448.7,455.9,24043746,11018599361.0,HK.00700,腾讯控股,HK
2025-04-23,471.5,474.9,466.9,469.7,27001392,12813463812.0,HK.00700,腾讯控股,HK
2025-04-24,472.5,473.3,460.5,466.5,18912016,8907706047.0,HK.00700,腾讯控股,HK
2025-04-25,475.5,481.3,470.5,473.7,28746958,13792345464.0,HK.00700,腾讯控股,HK
2025-04-28,477.9,477.9,470.3,473.7,13805160,6604528885.0,HK.00700,腾讯控股,HK
2025-04-29,473.3,473.9,464.5,468.5,16367401,7747651768.0,HK.00700,腾讯控股,HK
2025-04-30,470.5,472.7,464.9,472.7,15312733,7270748051.0,HK.00700,腾讯控股,HK
2025-05-02,473.7,485.3,472.9,483.3,13240838,6439557580.0,HK.00700,腾讯控股,HK
2025-05-06,487.1,492.3,480.7,490.9,19813305,9767609921.0,HK.00700,腾讯控股,HK
2025-05-07,504.5,505.0,485.1,485.3,25616342,12734545275.0,HK.00700,腾讯控股,HK
2025-05-08,482.5,497.5,482.1,493.5,19815740,9857527579.0,HK.00700,腾讯控股,HK
2025-05-09,495.5,499.0,487.5,490.1,13777285,6836991138.0,HK.00700,腾讯控股,HK
2025-05-12,499.5,517.0,494.5,513.0,35846811,18321323029.0,HK.00700,腾讯控股,HK
2025-05-13,515.5,515.5,501.0,501.5,23119901,11791025229.0,HK.00700,腾讯控股,HK
2025-05-14,507.5,516.5,506.0,516.5,24294663,12575314990.0,HK.00700,腾讯控股,HK
2025-05-15,527.0,527.5,510.5,515.5,32799956,17065523305.0,HK.00700,腾讯控股,HK
2025-05-16,509.5,517.0,506.5,508.0,21334027,10891135108.0,HK.00700,腾讯控股,HK
2025-05-19,508.0,517.0,502.5,514.0,22457714,11478846719.0,HK.00700,腾讯控股,HK
2025-05-20,512.5,517.5,511.5,517.0,15792185,8134553615.0,HK.00700,腾讯控股,HK
2025-05-21,519.0,524.5,515.5,520.5,18924042,9840860343.0,HK.00700,腾讯控股,HK
2025-05-22,520.0,520.0,513.0,516.5,14281176,7365728261.0,HK.00700,腾讯控股,HK
2025-05-23,517.0,520.5,512.0,518.0,16262610,8391879100.0,HK.00700,腾讯控股,HK
2025-05-26,515.0,517.0,508.0,510.0,17286567,8831775563.0,HK.00700,腾讯控股,HK
2025-05-27,508.5,514.5,507.0,512.0,14986877,7662280393.0,HK.00700,腾讯控股,HK
2025-05-28,513.0,515.0,502.5,506.0,16813826,8524415387.0,HK.00700,腾讯控股,HK
2025-05-29,508.0,512.0,503.5,510.5,19368449,9841396854.0,HK.00700,腾讯控股,HK
2025-05-30,506.0,506.5,496.0,498.2,28284004,14120266011.0,HK.00700,腾讯控股,HK
2025-06-02,493.0,499.2,489.6,498.4,13086586,6470361936.0,HK.00700,腾讯控股,HK
2025-06-03,504.0,505.5,501.0,505.0,14609189,7349685813.0,HK.00700,腾讯控股,HK
2025-06-04,510.0,513.0,507.0,512.0,18378499,9381794220.0,HK.00700,腾讯控股,HK
2025-06-05,517.5,517.5,509.0,515.0,19329282,9920483987.0,HK.00700,腾讯控股,HK
2025-06-06,515.5,516.5,511.0,515.0,13137101,6748560436.0,HK.00700,腾讯控股,HK
2025-06-09,520.0,521.0,512.5,518.0,18481403,9562039279.0,HK.00700,腾讯控股,HK
2025-06-10,519.5,520.0,508.5,513.5,17039003,8750221807.0,HK.00700,腾讯控股,HK
2025-06-11,517.0,518.0,514.5,518.0,14784979,7638611029.0,HK.00700,腾讯控股,HK
2025-06-12,518.0,518.0,508.0,510.0,13368048,6852634106.0,HK.00700,腾讯控股,HK
2025-06-13,510.5,515.5,506.0,510.0,19085310,9726477858.0,HK.00700,腾讯控股,HK
2025-06-16,507.0,512.0,504.5,509.5,13784320,7000122902.0,HK.00700,腾讯控股,HK
2025-06-17,514.0,514.0,506.5,513.5,11524031,5885938318.0,HK.00700,腾讯控股,HK
2025-06-18,510.0,511.0,503.5,508.0,15187515,7682822926.0,HK.00700,腾讯控股,HK
2025-06-19,503.0,506.0,496.0,498.0,19387767,9674346454.0,HK.00700,腾讯控股,HK
2025-06-20,504.5,505.5,496.0,505.5,20622275,10364144211.0,HK.00700,腾讯控股,HK
2025-06-23,498.2,504.0,494.6,504.0,14252887,7125785747.0,HK.00700,腾讯控股,HK
2025-06-24,508.0,511.0,504.0,509.5,17768858,9026969175.0,HK.00700,腾讯控股,HK
2025-06-25,512.0,515.0,508.0,512.5,17592461,8995907936.0,HK.00700,腾讯控股,HK
2025-06-26,512.0,513.0,507.5,513.0,15000643,7665270925.0,HK.00700,腾讯控股,HK
2025-06-27,512.0,514.5,510.0,513.0,15181667,7767266508.0,HK.00700,腾讯控股,HK
2025-06-30,509.0,511.5,503.0,503.0,18464531,9333594435.0,HK.00700,腾讯控股,HK
2025-07-02,508.0,508.5,500.0,501.5,18203168,9151284157.0,HK.00700,腾讯控股,HK
2025-07-03,500.0,503.5,493.8,501.0,18956331,9443903354.0,HK.00700,腾讯控股,HK
2025-07-04,493.0,501.5,493.0,496.8,14658173,7281073913.0,HK.00700,腾讯控股,HK
2025-07-07,495.2,502.0,494.0,502.0,11631687,5811563401.0,HK.00700,腾讯控股,HK
2025-07-08,505.0,505.0,500.0,504.5,13172857,6624679645.0,HK.00700,腾讯控股,HK
2025-07-09,504.0,504.0,495.0,497.6,17820435,8865465138.0,HK.00700,腾讯控股,HK
2025-07-10,497.6,499.6,494.2,496.6,14032556,6966268294.0,HK.00700,腾讯控股,HK
2025-07-11,497.0,505.0,496.6,496.6,19225560,9638599671.0,HK.00700,腾讯控股,HK
2025-07-14,497.0,501.5,496.0,500.0,11704663,5842438558.0,HK.00700,腾讯控股,HK
2025-07-15,502.5,518.0,500.0,517.5,27446891,13994302488.0,HK.00700,腾讯控股,HK
2025-07-16,520.0,526.0,516.0,516.5,23250693,12100620325.0,HK.00700,腾讯控股,HK
2025-07-17,519.5,519.5,511.0,517.0,13735794,7090524506.0,HK.00700,腾讯控股,HK
2025-07-18,525.0,525.0,516.5,519.0,13781113,7169387742.0,HK.00700,腾讯控股,HK
2025-07-21,522.5,522.5,514.5,521.5,13273287,6881569649.0,HK.00700,腾讯控股,HK
2025-07-22,521.5,526.0,519.0,526.0,17600260,9212230395.0,HK.00700,腾讯控股,HK
2025-07-23,530.0,552.0,527.0,552.0,46744850,25434771177.0,HK.00700,腾讯控股,HK
2025-07-24,553.5,560.0,548.0,557.0,24180342,13418168013.0,HK.00700,腾讯控股,HK
2025-07-25,552.0,555.0,546.0,550.5,19886923,10940833555.0,HK.00700,腾讯控股,HK
2025-07-28,550.5,558.0,546.5,555.5,14661199,8117934809.0,HK.00700,腾讯控股,HK
2025-07-29,551.5,556.5,546.0,555.0,16847424,9283870276.0,HK.00700,腾讯控股,HK
2025-07-30,550.0,556.0,542.5,549.0,19362555,10639648067.0,HK.00700,腾讯控股,HK
2025-07-31,547.0,559.0,545.0,550.0,20453269,11289881284.0,HK.00700,腾讯控股,HK
2025-08-01,551.5,554.5,533.5,535.0,21203861,11508370653.0,HK.00700,腾讯控股,HK
2025-08-04,536.0,551.5,533.0,550.0,17340007,9463004774.0,HK.00700,腾讯控股,HK
2025-08-05,554.5,559.0,549.0,559.0,17347823,9630857457.0,HK.00700,腾讯控股,HK
2025-08-06,560.0,570.0,558.0,568.5,20737133,11754214981.0,HK.00700,腾讯控股,HK
2025-08-07,571.0,572.0,560.5,567.0,16940382,9595241622.0,HK.00700,腾讯控股,HK
2025-08-08,567.0,568.5,557.5,561.0,13305719,7471482286.0,HK.00700,腾讯控股,HK
2025-08-11,561.0,562.5,553.5,561.0,11790350,6586953996.0,HK.00700,腾讯控股,HK
2025-08-12,557.5,564.5,556.0,559.5,13827897,7729499696.0,HK.00700,腾讯控股,HK
2025-08-13,568.0,586.0,566.0,586.0,37596415,21761779473.0,HK.00700,腾讯控股,HK
2025-08-14,600.0,600.0,589.0,590.0,36339315,21598286488.0,HK.00700,腾讯控股,HK
2025-08-15,587.0,596.5,584.5,592.0,22176876,13122452831.0,HK.00700,腾讯控股,HK
2025-08-18,594.0,596.0,587.0,587.0,17590658,10403063174.0,HK.00700,腾讯控股,HK
2025-08-19,588.0,597.0,583.0,592.5,16359474,9665673921.0,HK.00700,腾讯控股,HK
2025-08-20,589.0,594.5,585.5,590.5,15952765,9407128004.0,HK.00700,腾讯控股,HK
2025-08-21,590.5,597.0,589.5,593.0,14290178,8479961596.0,HK.00700,腾讯控股,HK
2025-08-22,599.0,606.5,595.5,600.0,19378950,11636897211.0,HK.00700,腾讯控股,HK
2025-08-25,608.5,621.0,608.0,614.5,25694519,15801902006.0,HK.00700,腾讯控股,HK
2025-08-26,612.0,618.0,609.5,609.5,20656474,12655282002.0,HK.00700,腾讯控股,HK
2025-08-27,613.0,614.5,595.0,599.0,21263402,12841741312.0,HK.00700,腾讯控股,HK
2025-08-28,595.0,599.0,590.0,594.0,21712370,12897917091.0,HK.00700,腾讯控股,HK
2025-08-29,595.5,605.0,594.0,596.5,18234935,10915508651.0,HK.00700,腾讯控股,HK
2025-09-01,605.0,610.0,601.5,605.0,15958837,9659266534.0,HK.00700,腾讯控股,HK
2025-09-02,605.5,608.5,599.0,600.5,14808157,8931988423.0,HK.00700,腾讯控股,HK
2025-09-03,606.5,613.0,596.0,598.5,15523985,9342307314.0,HK.00700,腾讯控股,HK
2025-09-04,605.0,605.0,591.0,592.5,18003934,10709235662.0,HK.00700,腾讯控股,HK
2025-09-05,599.5,609.0,595.5,605.5,19047729,11491491838.0,HK.00700,腾讯控股,HK
2025-09-08,605.5,619.0,605.0,617.5,21815489,13369898978.0,HK.00700,腾讯控股,HK
2025-09-09,620.0,628.0,617.5,627.0,19871460,12402857764.0,HK.00700,腾讯控股,HK
2025-09-10,630.0,639.0,628.0,633.5,19193376,12190312543.0,HK.00700,腾讯控股,HK
2025-09-11,633.0,633.0,624.0,629.5,18191860,11453335654.0,HK.00700,腾讯控股,HK
2025-09-12,645.0,649.0,642.0,643.5,20780375,13422728502.0,HK.00700,腾讯控股,HK
2025-09-15,646.0,648.5,637.5,643.5,16371242,10535685021.0,HK.00700,腾讯控股,HK
2025-09-16,647.0,649.5,640.5,645.0,13339685,8609542624.0,HK.00700,腾讯控股,HK
2025-09-17,646.5,663.5,645.0,661.5,22349048,14682542772.0,HK.00700,腾讯控股,HK
2025-09-18,662.0,664.5,635.5,642.0,29989898,19432788713.0,HK.00700,腾讯控股,HK
2025-09-19,647.0,647.0,638.0,642.5,20805608,13371042984.0,HK.00700,腾讯控股,HK
2025-09-22,642.0,643.5,634.0,641.0,12899662,8240895170.0,HK.00700,腾讯控股,HK
2025-09-23,641.5,643.5,627.0,635.5,15293080,9697688016.0,HK.00700,腾讯控股,HK
2025-09-24,633.5,651.0,628.0,648.5,18440788,11854753855.0,HK.00700,腾讯控股,HK
2025-09-25,651.0,659.0,643.5,650.0,17384258,11337641855.0,HK.00700,腾讯控股,HK
2025-09-26,645.0,653.0,640.0,644.0,19504951,12617897920.0,HK.00700,腾讯控股,HK
2025-09-29,649.5,664.5,647.5,660.0,20489556,13492727746.0,HK.00700,腾讯控股,HK
2025-09-30,658.0,666.5,657.5,663.0,20610633,13653530623.0,HK.00700,腾讯控股,HK
2025-10-02,667.5,683.0,665.5,676.5,17137745,11602077362.0,HK.00700,腾讯控股,HK
2025-10-03,677.0,680.0,670.0,673.5,7125093,4802401785.0,HK.00700,腾讯控股,HK
2025-10-06,675.0,682.5,670.0,677.5,7828323,5290177514.0,HK.00700,腾讯控股,HK
2025-10-08,680.0,680.0,669.5,675.0,10540730,7110636784.0,HK.00700,腾讯控股,HK
2025-10-09,675.0,681.0,665.5,675.5,14454705,9752967437.0,HK.00700,腾讯控股,HK
2025-10-10,669.0,669.0,647.5,651.5,19904705,13051085790.0,HK.00700,腾讯控股,HK
2025-10-13,630.0,648.5,622.5,639.0,38012175,24133784941.0,HK.00700,腾讯控股,HK
